country,ticker,avg_return,beta
France,AC.PA,1.2579249120824387,0.7308707150831507
France,AI.PA,0.9541577733119686,0.570302164410284
France,AIR.PA,1.8011364307444344,0.8222517787480293
France,BNP.PA,1.8309169386112718,0.8487341663344321
France,CA.PA,0.4571002676502541,0.5623044250058292
France,CO.PA,-10.439291579782909,0.9169931228552471
France,CS.PA,1.8581314082312583,0.6053995201427034
France,DSY.PA,-0.2198611019746673,0.4291348019392083
France,EL.PA,1.8833329122308449,0.5491994661145981
France,EN.PA,1.0540860000652463,0.5554041207600036
France,ENGI.PA,1.8198054074174097,0.4773289322685739
France,ENX.PA,1.2018114056022726,0.6460781192851827
France,ERF.PA,0.20448597069279204,0.5931727769446937
France,GET.PA,0.4790740328019079,0.4120396510551559
France,LR.PA,1.3736549579079647,0.6758596284055284
France,MC.PA,0.7972440101736956,0.8499328857258484
France,ML.PA,0.6136734906663585,0.7149301462826471
France,OR.PA,0.6339931617350805,0.7294688385496249
France,ORA.PA,1.404926329056797,0.2939674077861095
France,PUB.PA,1.7764431065451378,0.4718948788232884
France,RI.PA,-0.7624502932179257,0.2967405912834054
France,RMS.PA,1.8924688444485214,0.9126079119808824
France,SAF.PA,1.8542953891661342,0.7340438286776555
France,SAN.PA,0.6545706040310244,0.2770685834399021
France,SK.PA,-1.1331526967801573,0.8395887565871688
France,SOI.PA,-2.0491789931418296,0.8745870741505125
France,STLAP.PA,2.833452049230941,0.8660527099240171
France,STM,-0.11497306705878674,1.2849694006046426
France,SU.PA,1.5419469516130022,0.7208732838580697
France,SW.PA,0.45951995045905963,0.2969128954549303
France,TEP.PA,-1.7778312185094944,0.4629177909134006
France,TTE.PA,1.521299258510683,0.3795044619799847
France,VIE.PA,1.2532506496662223,0.7659376346710689
France,WLN.PA,-5.227719034448121,0.9090865129982828
Germany,1COV.DE,0.7518336084775686,0.7409412246797031
Germany,ADS.DE,-0.5548973819598357,0.8161339645704809
Germany,AFX.DE,-0.7989662911763006,1.0708215660102682
Germany,ALV.DE,1.6212287244855337,0.4834298128952287
Germany,BAYN.DE,-0.16914658089221102,0.6578184532166984
Germany,BMW.DE,1.1011573123102276,0.5423543443117288
Germany,BNR.DE,-0.028820333333861078,0.4762022696702407
Germany,CBK.DE,3.8042322858512883,0.6558243845503459
Germany,CON.DE,-0.25153188247289987,0.8792217090965777
Germany,DB1.DE,1.162429442524919,0.2831663964987995
Germany,DBK.DE,2.6491672297960096,0.8172827068818497
Germany,DHL.DE,0.5914841934045224,0.8120376768524201
Germany,DTE.DE,1.489931592170307,0.328554475447005
Germany,ENR.DE,3.3708212955632315,1.2359992067421437
Germany,EOAN.DE,1.4563701648874403,0.5728264390447084
Germany,EVK.DE,-0.5263656853076453,0.629956640827126
Germany,FRE.DE,0.8414776932144807,0.6620964133858281
Germany,HEI.DE,2.770906656449306,0.7704672109364288
Germany,HEN3.DE,-0.09630656281532259,0.3698345865646505
Germany,IFX.DE,0.830555076740191,1.187749615183664
Germany,LEG.DE,-0.41778662897332014,0.8177813808501553
Germany,MRK.DE,0.03199481299171534,0.4614703785828528
Germany,MTX.DE,1.2134794603110293,0.5660107410519489
Germany,MUV2.DE,1.8706187744927758,0.4318336144580168
Germany,PAH3.DE,0.0034902624547674074,0.6436717244745864
Germany,PUM.DE,-1.7911119586561155,0.5129538281668452
Germany,RWE.DE,0.8689152497479465,0.4098111359743593
Germany,SAP.DE,1.5032246034381482,0.5696182228496273
Germany,SHL.DE,0.40509545843024447,0.561473488067433
Germany,SIE.DE,1.6139469120987686,0.8712856382742481
Germany,SRT3.DE,0.25898734410749435,0.9443077238192948
Germany,SY1.DE,-0.3908358447286595,0.3214473566003643
Germany,UTDI.DE,0.03305328454475769,0.3483428338704905
Germany,VNA.DE,-0.2082196450698882,0.8773836205775659
Germany,VOW3.DE,0.4082614535882425,0.8303517090688501
Germany,ZAL.DE,-1.3856237829755773,1.5109988874114908
Italy,ELN.MI,1.9387613977164688,0.6871684267662199
Italy,ENEL.MI,0.8099081271436885,0.6277093558038469
Italy,ENI.MI,1.8475237921549992,0.537471293191897
Italy,G.MI,2.1532554109104782,0.4353715394661651
Italy,HER.MI,1.0799834361078364,0.6711659228835318
Italy,IG.MI,1.6709666173993565,0.3991291531107021
Italy,IP.MI,0.6048896019749228,0.8324601149629988
Italy,ISP.MI,2.727725440520169,0.8028443988858419
Italy,LDO.MI,4.104049264489519,0.4918893080835567
Italy,MB.MI,2.1428570928836623,0.6156999671692759
Italy,MONC.MI,0.7376780658355712,0.7689843863897038
Italy,NEXI.MI,-1.9291680752073408,0.7591193536822008
Italy,PRY.MI,2.308565487899406,0.5321511924811861
Italy,RACE.MI,1.3394409516345722,0.4586871230462677
Italy,REC.MI,0.5456241277165095,0.3531022524708954
Italy,SPM.MI,0.21930326365806002,0.8495642276740519
Italy,SRG.MI,0.971639258263065,0.5131745450184031
Italy,STLAM.MI,0.766700879106176,1.0053342129593448
Italy,TIT.MI,1.0662684294057703,0.5317324460547048
Italy,TRN.MI,1.0961134713523675,0.4388484826094015
Italy,UCG.MI,4.585024842410136,1.1360527855233862
Italy,UNI.MI,3.6103347653955855,0.53824676434479
Spain,ACS.MC,2.555496591967459,0.3687408669106338
Spain,ACX.MC,1.3614677479956838,0.7958222873180955
Spain,AMS.MC,0.4059555351653792,0.5973068567465994
Spain,ANA.MC,1.2190520810106942,0.5544772633959039
Spain,APAM.MC,0.9903624686674182,1.0545944175719
Spain,BBVA.MC,3.4393539557502626,0.993946791230078
Spain,BKT.MC,3.2477541801829353,0.4554960216032628
Spain,CABK.MC,3.3558838793501593,0.4317325087646978
Spain,CIE.MC,0.9871881054700381,0.5905444922317786
Spain,CLNX.MC,-0.603481891664094,0.7065246445445796
Spain,COL.MC,-0.07872915567811291,0.9334536881257194
Spain,ELE.MC,1.342232805149991,0.5838204571567213
Spain,ENG.MC,0.4595047062124615,0.3904520511327308
Spain,FAE.MC,1.085471670687561,0.2249451324217334
Spain,FDR.MC,0.8332862989523547,0.5530065597837969
Spain,FER.MC,1.8927801960631225,0.4258822398844263
Spain,GRF.MC,-0.36010853929989817,1.089010915512585
Spain,IAG.MC,2.4214403761916454,1.0802631905080613
Spain,IBE.MC,1.281288572024744,0.5187490989726825
Spain,IDR.MC,3.767437078211511,0.51201136178708
Spain,ITX.MC,1.6105497124967323,0.7059132269238491
Spain,LOG.MC,1.7652477641325341,0.3485499281917442
Spain,MAP.MC,2.3106321390754547,0.3422118768847905
Spain,MRL.MC,1.5391328803483442,0.5919056914789279
Spain,NTGY.MC,1.2709929979729397,0.3420255415883791
Spain,RED.MC,0.4562367783434022,0.3295022390104521
Spain,REP.MC,1.9880094950292317,0.3511132134794051
Spain,SAB.MC,4.762564923843659,0.9877353874923052
Spain,SAN.MC,2.8347233439542223,1.0658713063231264
Spain,SCYR.MC,1.7656877786039826,0.7118947823074119
Spain,SLR.MC,0.2679979924409659,0.8250012636330946
Spain,TEF.MC,1.1381443556530213,0.4335037160168344
Spain,UNI.MC,3.0708601182194175,0.6622123055897826
Sweden,ALFA.ST,1.5719473578286793,0.6458655717317512
Sweden,ALIV-SDB.ST,0.9721004861671596,0.5350021225581909
Sweden,ASSA-B.ST,1.274188556138133,0.5991051099759747
Sweden,ATCO-A.ST,1.1159872623735405,0.7919789204325833
Sweden,ATCO-B.ST,1.146756908378134,0.74751076200112
Sweden,AXFO.ST,1.1499152963621198,0.3901596358644187
Sweden,BOL.ST,1.5180345453750115,0.4639404658425595
Sweden,CAST.ST,-0.21620391101870606,0.9674649488322352
Sweden,ELUX-B.ST,-1.0899817160191367,0.6651940222122158
Sweden,ERIC,0.4179051713269705,0.76946316164667
Sweden,EVO.ST,0.25494590422196217,0.6874221390878074
Sweden,GETI-B.ST,0.8327097790507001,0.6320062558033978
Sweden,HEXA-B.ST,0.43260698528432096,0.6599064394822425
Sweden,HM-B.ST,0.8112868242922638,0.604245665781053
Sweden,INVE-B.ST,1.5983792468864684,0.5874598713243031
Sweden,KINV-B.ST,-1.246141711198991,1.016573924706366
Sweden,NDA-SE.ST,1.786217411764494,0.320477056791163
Sweden,SAND.ST,1.1878216817488918,0.8615407826122516
Sweden,SCA-B.ST,0.07315037598860485,0.2516298903548289
Sweden,SEB-A.ST,2.0883156035742876,0.2988170236349957
Sweden,SHB-A.ST,1.8320144459544447,0.3487820574875659
Sweden,SKF-B.ST,0.8171874923386074,0.610702800865159
Sweden,SWED-A.ST,2.166472753133858,0.4071389947504181
Sweden,TEL2-B.ST,1.4776874459338802,0.3168328172125843
Sweden,VOLV-B.ST,1.5406241648949386,0.6637277306491267
Switzerland,ABBN.SW,1.9186656039443386,0.6447656875579874
Switzerland,BAER.SW,0.8603815743085296,0.6369756946344463
Switzerland,CFR.SW,1.9243729514673253,1.0028737807261094
Switzerland,GEBN.SW,0.629309879673596,1.0012542789775547
Switzerland,GIVN.SW,0.16988085583124435,0.690761282731349
Switzerland,HOLN.SW,1.3742793153328112,0.5415457386203577
Switzerland,LONN.SW,0.3808397517097316,0.8358527289222595
Switzerland,NESN.SW,-0.09338662682164643,0.6159360352943333
Switzerland,NOVN.SW,0.9044305385952303,0.4277392632702153
Switzerland,ROG.SW,0.4186646726127716,0.4540938655998954
Switzerland,SCMN.SW,0.7732631102042736,0.2850490518043959
Switzerland,SIKA.SW,-0.313236276546928,1.0661651292169652
Switzerland,SOON.SW,0.2604105033324009,1.072663338540889
Switzerland,UBSG.SW,2.119164870060653,0.6810427607104481
Switzerland,ZURN.SW,1.3085080368059527,0.3333618438882655
UnitedKingdom,AAL.L,0.8411520169562237,1.1499320157207973
UnitedKingdom,ABF.L,0.1586973757545158,0.9401730144567284
UnitedKingdom,ANTO.L,1.5705968194835853,1.103142707359436
UnitedKingdom,AV.L,1.336417992177011,0.6703256242346761
UnitedKingdom,BAB.L,3.065648333175626,0.847465266547855
UnitedKingdom,BARC.L,2.209681302431958,1.0892742444265282
UnitedKingdom,BLND.L,-0.0017587529632357068,1.2366750093871692
UnitedKingdom,BP.L,1.2258194001916434,0.459175221992825
UnitedKingdom,BRBY.L,-0.14558769333512714,0.8082162305064106
UnitedKingdom,BT-A.L,0.9636795336515446,0.6184006223394698
UnitedKingdom,BTRW.L,-0.5026100636688319,1.0836396361197955
UnitedKingdom,CCH.L,1.0155585476198767,0.4723234438319129
UnitedKingdom,CPG.L,1.060747144483371,0.321454808129798
UnitedKingdom,CRDA.L,-1.2031822731344592,0.652968074783661
UnitedKingdom,DCC.L,0.1208197678992452,0.6017506741375178
UnitedKingdom,DPLM.L,1.8684097251482188,0.814576962177964
UnitedKingdom,ENT.L,-0.012034078978393778,0.9335886013146316
UnitedKingdom,EXPN.L,0.5606987772884435,0.7007278266923209
UnitedKingdom,GSK.L,0.6686113658570242,0.4169316075963384
UnitedKingdom,HSBA.L,1.997216852906369,0.6726787271113249
UnitedKingdom,IMB.L,1.413148102541182,0.3026292220105401
UnitedKingdom,INF.L,1.1124875101559204,0.7636562290583164
UnitedKingdom,ITRK.L,-0.18575562594053835,0.5722987223328037
UnitedKingdom,ITV.L,-0.048095426352062084,0.9532575832838076
UnitedKingdom,JD.L,-0.6397779173712774,1.3672459664906378
UnitedKingdom,LAND.L,0.06278387729340967,1.107657283618728
UnitedKingdom,LLOY.L,1.9074264093459312,1.111759028534535
UnitedKingdom,MKS.L,2.111260805628394,0.8305283262953611
UnitedKingdom,NG.L,0.6120108401756204,0.5592666627520805
UnitedKingdom,NXT.L,1.4436577882037096,1.0772673839509144
UnitedKingdom,OCDO.L,-2.318350379725029,2.1359812034615246
UnitedKingdom,PHNX.L,0.18592743064321862,0.8484262657884226
UnitedKingdom,PRU.L,0.03443347190339815,0.9218164722865811
UnitedKingdom,PSN.L,-0.8002734365283801,1.1935926434877866
UnitedKingdom,RIO.L,0.2279300943580322,0.6148182802501868
UnitedKingdom,RR.L,4.47537622507518,0.9956376706896792
UnitedKingdom,RS1.L,-0.4285916786024648,0.5461126902533
UnitedKingdom,SBRY.L,0.8831245216971841,1.08570157034139
UnitedKingdom,SDR.L,-0.4119548055581781,1.0470609556927055
UnitedKingdom,SMIN.L,0.9977886982375093,0.574990135014561
UnitedKingdom,SN.L,-0.04791271965526563,0.6246338732122719
UnitedKingdom,SPX.L,-0.502759867150452,0.7854150617822399
UnitedKingdom,SSE.L,0.8264811522874163,0.5186078587821704
UnitedKingdom,STAN.L,2.587624549209612,0.7918555172197358
UnitedKingdom,STJ.L,0.8007179968691549,1.0157101811346108
UnitedKingdom,SVT.L,0.4987051534890661,0.5120893217494435
UnitedKingdom,TATE.L,-1.0055593656627497,0.4990274802196854
UnitedKingdom,TPK.L,-0.7816000082235226,1.3518079965723186
UnitedKingdom,TSCO.L,0.9422089146890221,0.5655538266206347
UnitedKingdom,UU.L,0.6973098501331157,0.5497689239884193
UnitedKingdom,VOD.L,-0.2210183970760663,0.6060743624734097
UnitedKingdom,WEIR.L,0.8071225714663748,1.05928589761625
UnitedKingdom,WPP.L,-1.2928187724568045,0.6856505689184694
UnitedKingdom,WTB.L,-0.11774837379437646,0.5516871092470529
